Full Name,Email,Phone Number
John Doe,john.doe@example.com,(555) 123-4567
Jane Smith,jane.smith@example.com,(555) 234-5678
Bob Johnson,bob.johnson@example.com,(555) 345-6789
Alice Williams,alice.williams@example.com,(555) 456-7890
Charlie Brown,charlie.brown@example.com,(555) 567-8901
Diana Prince,diana.prince@example.com,(555) 678-9012
Edward Norton,edward.norton@example.com,(555) 789-0123
Fiona Apple,fiona.apple@example.com,(555) 890-1234
George Martin,george.martin@example.com,(555) 901-2345
Hannah Montana,hannah.montana@example.com,(555) 012-3456
Ian McKellen,ian.mckellen@example.com,(555) 123-4568
Julia Roberts,julia.roberts@example.com,(555) 234-5679
Kevin Hart,kevin.hart@example.com,(555) 345-6780
Laura Palmer,laura.palmer@example.com,(555) 456-7891
Michael Scott,michael.scott@example.com,(555) 567-8902
Nancy Drew,nancy.drew@example.com,(555) 678-9013
Oscar Wilde,oscar.wilde@example.com,(555) 789-0124
Patricia Hill,patricia.hill@example.com,(555) 890-1235
Quincy Jones,quincy.jones@example.com,(555) 901-2346
Rachel Green,rachel.green@example.com,(555) 012-3457
Steve Rogers,steve.rogers@example.com,(555) 123-4569
Tina Turner,tina.turner@example.com,(555) 234-5670
Uma Thurman,uma.thurman@example.com,(555) 345-6781
Victor Hugo,victor.hugo@example.com,(555) 456-7892
Wendy Williams,wendy.williams@example.com,(555) 567-8903
Xavier Woods,xavier.woods@example.com,(555) 678-9014
Yolanda Adams,yolanda.adams@example.com,(555) 789-0125
Zachary Quinto,zachary.quinto@example.com,(555) 890-1236
Amy Adams,amy.adams@example.com,(555) 901-2347
Brian Cox,brian.cox@example.com,(555) 012-3458
Catherine Zeta,catherine.zeta@example.com,(555) 123-4560
David Lynch,david.lynch@example.com,(555) 234-5671
Emma Stone,emma.stone@example.com,(555) 345-6782
Frank Ocean,frank.ocean@example.com,(555) 456-7893
Grace Kelly,grace.kelly@example.com,(555) 567-8904
Henry Cavill,henry.cavill@example.com,(555) 678-9015
Iris West,iris.west@example.com,(555) 789-0126
Jack Black,jack.black@example.com,(555) 890-1237
Kate Winslet,kate.winslet@example.com,(555) 901-2348
Leo DiCaprio,leo.dicaprio@example.com,(555) 012-3459
Morgan Freeman,morgan.freeman@example.com,(555) 123-4561
Natalie Portman,natalie.portman@example.com,(555) 234-5672
Oliver Queen,oliver.queen@example.com,(555) 345-6783
Penny Lane,penny.lane@example.com,(555) 456-7894
Quinn Fabray,quinn.fabray@example.com,(555) 567-8905
Ryan Reynolds,ryan.reynolds@example.com,(555) 678-9016
Sandra Bullock,sandra.bullock@example.com,(555) 789-0127
Tom Hanks,tom.hanks@example.com,(555) 890-1238
Ursula Burns,ursula.burns@example.com,(555) 901-2349
Viola Davis,viola.davis@example.com,(555) 012-3450
Will Smith,will.smith@example.com,(555) 123-4562

